title,solutions
Password Reset Request,"['Reset user password', 'Verify user identity', 'Unlock account if locked']"
VPN Connection Issue,"['Check VPN configuration', 'Restart VPN client', 'Verify network connectivity']"
Software Installation Failure,"['Check installation logs', 'Ensure system requirements', 'Reinstall Office 365']"
Folder Access Denied,"['Check folder permissions', 'Add user to access group', 'Verify network path']"
Printer Not Responding,"['Restart printer', 'Check printer connection', 'Reinstall printer drivers']"
Email Sync Failure,"['Check Outlook settings', 'Verify server status', 'Re-add email account']"
Active Directory Sync Error,"['Force AD sync', 'Check AD connector', 'Review sync logs']"
VPN Firewall Block,"['Check firewall rules', 'Allow VPN traffic', 'Contact network admin']"
Application Crash on Launch,"['Check application logs', 'Reinstall application', 'Update to latest version']"
CI/CD Pipeline Failure,"['Review build logs', 'Check pipeline configuration', 'Increase build timeout']"
Password Reset for ERP System,"['Reset ERP password', 'Verify user access', 'Unlock ERP account']"
Outlook Profile Corruption,"['Create new Outlook profile', 'Repair Outlook installation', 'Restore from backup']"
Shared Drive Access Issue,"['Check drive permissions', 'Map network drive again', 'Contact IT support']"
Software License Expired,"['Renew software license', 'Check license server', 'Contact vendor']"
Mouse Not Working,"['Try different USB port', 'Replace mouse', 'Update mouse drivers']"
Database Connection Error,"['Check DB connection string', 'Restart database server', 'Verify DB credentials']"
Security Patch Failure,"['Retry patch deployment', 'Check patch logs', 'Update patch management tool']"
Network Latency Issue,"['Check network usage', 'Restart router/switch', 'Contact ISP']"
SSL Certificate Error,"['Renew SSL certificate', 'Check certificate chain', 'Update browser']"
Login Loop Issue,"['Clear browser cache', 'Reset user session', 'Check authentication server']"
Password Reset for CRM,"['Reset CRM password', 'Verify CRM user status', 'Unlock CRM account']"
Application Slow Performance,"['Check server load', 'Optimize database', 'Increase resources']"
File Sync Failure,"['Restart OneDrive', 'Check sync settings', 'Reinstall OneDrive client']"
Printer Driver Issue,"['Download correct driver', 'Reinstall printer driver', 'Restart print spooler']"
User Account Locked,"['Unlock user account', 'Reset password', 'Check failed login attempts']"
API Integration Failure,"['Check API endpoint', 'Review API logs', 'Contact API provider']"
Server Disk Space Full,"['Delete unnecessary files', 'Increase disk space', 'Move files to backup']"
Email Attachment Issue,"['Reduce attachment size', 'Use file sharing service', 'Check email limits']"
Software Update Failure,"['Retry update', 'Check update logs', 'Free up disk space']"
Permission Denied Error,"['Check folder permissions', 'Request access', 'Contact admin']"
Application Timeout,"['Increase timeout setting', 'Optimize application', 'Check server performance']"
VPN Authentication Failure,"['Verify VPN credentials', 'Reset VPN password', 'Check VPN server']"
Firewall Rule Misconfiguration,"['Review firewall rules', 'Revert recent changes', 'Contact network admin']"
Database Query Error,"['Check query syntax', 'Optimize query', 'Review database schema']"
Screen Flickering Issue,"['Check monitor cable', 'Update graphics driver', 'Try different monitor']"
Unhandled Exception Error,"['Check application logs', 'Debug code', 'Update application']"
Backup Failure,"['Check backup logs', 'Verify backup destination', 'Retry backup job']"
Network Printer Offline,"['Check printer network', 'Restart printer', 'Re-add printer']"
User Profile Corruption,"['Create new user profile', 'Restore from backup', 'Repair Windows profile']"
Deployment Regression,"['Rollback deployment', 'Review release notes', 'Test in staging']"
Password Reset for HR Portal,"['Reset HR portal password', 'Verify HR user status', 'Unlock HR account']"
Outlook Search Not Working,"['Rebuild Outlook index', 'Update Outlook', 'Repair Outlook installation']"
File Access Denied,"['Check file permissions', 'Request access', 'Contact IT support']"
Software Crash on Save,"['Update software', 'Check for patches', 'Review application logs']"
Mouse Lag Issue,"['Replace mouse batteries', 'Update mouse drivers', 'Try wired mouse']"
API Rate Limit Exceeded,"['Wait and retry', 'Optimize API calls', 'Contact API provider']"
Server Reboot Required,"['Schedule server reboot', 'Check running processes', 'Notify users']"
Email Delivery Failure,"['Check recipient address', 'Review email logs', 'Contact email provider']"
Software Compatibility Issue,"['Check software requirements', 'Update software', 'Contact vendor']"
Folder Permission Issue,"['Check folder permissions', 'Request access', 'Contact admin']"
Application Memory Leak,"['Update application', 'Monitor memory usage', 'Restart application']"
VPN Timeout Error,"['Increase VPN timeout', 'Check VPN logs', 'Restart VPN client']"
Firewall Blocking App,"['Allow app in firewall', 'Review firewall rules', 'Contact network admin']"
Database Deadlock,"['Optimize queries', 'Review transaction logic', 'Restart database']"
Keyboard Not Responding,"['Try different USB port', 'Replace keyboard', 'Update keyboard drivers']"
Security Incident Detected,"['Review security logs', 'Isolate affected system', 'Reset credentials']"
Backup Restore Failure,"['Check restore logs', 'Verify backup integrity', 'Retry restore job']"
Printer Queue Stuck,"['Clear print queue', 'Restart print spooler', 'Re-add printer']"
User Profile Sync Issue,"['Check sync settings', 'Restart sync service', 'Re-add user profile']"
CI/CD Build Timeout,"['Increase build timeout', 'Optimize build steps', 'Check build server']"
Password Reset for SaaS App,"['Reset SaaS password', 'Verify SaaS user status', 'Unlock SaaS account']"
Outlook Add-In Failure,"['Disable problematic add-in', 'Update add-ins', 'Repair Outlook installation']"
Shared Folder Not Found,"['Check network path', 'Remap shared folder', 'Contact IT support']"
Software Update Stuck,"['Restart update process', 'Check update logs', 'Free up disk space']"
Monitor Display Issue,"['Check monitor cable', 'Update display drivers', 'Try different monitor']"
API Authentication Error,"['Verify API token', 'Reset API credentials', 'Contact API provider']"
Server Out of Memory,"['Increase server RAM', 'Optimize applications', 'Restart server']" 